{"cameraMode":{"drawMode":0,"name":"Shaded","section":"Shading Mode"},"sceneLighting":false,"audioPlay":false,"sceneViewState":{"m_AlwaysRefresh":true,"showFog":true,"showSkybox":true,"showFlares":true,"showImageEffects":true,"showParticleSystems":true,"showVisualEffectGraphs":true,"m_FxEnabled":true},"in2DMode":false,"pivot":{"x":-1.3865889310836793,"y":0.3084399700164795,"z":-6.924106597900391},"rotation":{"x":-0.22230499982833863,"y":0.09691716730594635,"z":-0.022225331515073777,"w":-0.9699164032936096},"size":3.2416226863861086,"orthographic":false}